{"cameraMode":{"drawMode":0,"name":"Shaded","section":"Shading Mode"},"sceneLighting":true,"audioPlay":false,"sceneViewState":{"showFog":true,"showMaterialUpdate":false,"showSkybox":true,"showFlares":true,"showImageEffects":true,"showParticleSystems":true},"in2DMode":false,"pivot":{"x":1.3880834579467774,"y":-2.6911325454711916,"z":2.705770492553711},"rotation":{"x":-0.18081077933311463,"y":-0.17540372908115388,"z":0.0327904149889946,"w":-0.9671966433525086},"size":8.89316177368164,"orthographic":false}